SongName,Entities
万物生。,MUSIC : 万物生
下载音乐
不好听呀。
东方红,MUSIC : 东方红
也许
云上广场舞辣妹子的爱,MUSIC : 辣妹子
云朵的歌曲。
云清炒
他说唱首歌。
佛教歌曲。
你会不会唱青藏高原,MUSIC : 会不会,MUSIC : 青藏高原
你会唱吗？
你会唱歌吗再唱一首歌
你傻吗我问的是歌曲之短情长。
你刚才唱的是什么呀。
你可以给我唱首歌儿吗？
你吹口哨给我听
你唱首歌给我听。
你喜欢听什么歌
你在等我。
你干嘛。
你是谁呀你唱的歌真好听呀。,MUSIC : 你是谁
你的音乐。
你真美丽。
你给我放英文歌。
你能给我们唱一首好听的音乐吗
你能给我唱的歌吗？
倍儿爽。,MUSIC : 倍儿爽
偷偷。
偷偷的。
像我这样的人。,MUSIC : 像我这样的人
再唱首歌
再来一首周杰伦的歌。,PERSON : 周杰伦,MUSIC : 周杰伦
再见我挺怀旧的老歌。,MUSIC : 再见我
再见歌曲。
刘梦涵不对,PERSON : 刘梦涵
加油。
北国之春。,MUSIC : 北国之春
北国之春歌曲。,MUSIC : 北国之春
十二的音乐。
去浪漫的土耳其。
去甘文字的歌曲。
古风当
名侦探柯南歌曲。
听
听个音乐。
听最新。
听杨宗纬的歌。,PERSON : 杨宗纬
听音乐唱一首歌。
唱一个小幸运。,MUSIC : 小幸运
唱一遍呗。
唱一遍这个不好。
唱一首五集。
唱一首圣诞歌曲。,MUSIC : 圣诞歌
唱一首英文歌来听一下。
唱一首那英。
唱两只老虎跑起床,MUSIC : 两只老虎
唱个好听的歌
唱佛信号儿。
唱其他的笑话。
唱刘德华的歌。,PERSON : 刘德华,MUSIC : 刘德华
唱周杰伦的歌。,PERSON : 周杰伦,MUSIC : 周杰伦
唱周杰伦的歌好不好？,PERSON : 周杰伦,MUSIC : 周杰伦,MUSIC : 好不好
唱唱唱唱首歌来听
唱唱歌唱首歌吧。
唱唱首歌来听一下。
唱安娜的橱窗,PERSON : 安娜,MUSIC : 安娜的橱窗
唱支断情长。
唱支歌妈妈啊。
唱未来的进击。
唱河南歌。
唱流行歌曲。,MUSIC : 流行歌曲
唱潇洒走一回。,MUSIC : 潇洒走一回
唱粤语我唱首粤语歌。
唱葫芦娃听。
唱遇见。
唱陈淑桦的歌。,PERSON : 陈淑桦
唱首周杰伦的童年。,PERSON : 周杰伦,MUSIC : 周杰伦
唱首唱首林俊杰的歌。,PERSON : 林俊杰
唱首啦啦啦啦啦啦。,MUSIC : 啦啦啦啦啦,MUSIC : 啦啦啦啦啦
唱首因为爱情,MUSIC : 因为爱情
唱首歌怎么样。
唱首歌我听听。
唱首歌曲。
唱首歌给我听呗。
唱首歌过来听听。
唱首熊猫警长。
唱首粤语歌
唱首谢霆锋的歌。,PERSON : 谢霆锋
唱首逆流成河。,MUSIC : 逆流成河
唱齐秦的歌。,PERSON : 齐秦
回娘家。,MUSIC : 回娘家
在线播放周杰伦的歌。,PERSON : 周杰伦,MUSIC : 周杰伦
在网易云播放音乐。
地道战主题歌地道战。,MUSIC : 地道战,MUSIC : 地道战
基督教歌曲。
学猫叫
将军令。,MUSIC : 将军令
小娜你唱个。,PERSON : 小娜
小娜你给我唱一首歌我听一下。,PERSON : 小娜
小娜可以唱首歌吗？,PERSON : 小娜
小娜唱一首完整的歌。,PERSON : 小娜
小娜唱个世上只有妈妈好,PERSON : 小娜,MUSIC : 世上只有妈妈好
小娜唱个小苹果,PERSON : 小娜,MUSIC : 小苹果
小娜唱歌真难听。,PERSON : 小娜
小娜小娜唱首少林英雄的歌给我听。,PERSON : 小娜小娜,PERSON : 林英雄,MUSIC : 少林英雄
小娜小娜我美歌曲有几个人。,PERSON : 小娜小娜
小娜我想听东方红。,PERSON : 小娜,MUSIC : 东方红
小娜我想听刘德华的歌。,PERSON : 小娜,PERSON : 刘德华,MUSIC : 刘德华
小娜我想听听音乐。,PERSON : 小娜
小娜播放最,PERSON : 小娜
小娜播放沧海一声笑。,PERSON : 小娜,MUSIC : 沧海一声笑
小娜放首歌吧。,PERSON : 小娜
小娜是什么音乐。,PERSON : 小娜
小娜给我唱首大海。,PERSON : 小娜
小水果。
小水果。
就是喜欢你,MUSIC : 就是喜欢你
巴拉巴拉小魔仙新版
帮我找张雨。,PERSON : 张雨
帮我播放一些走阴的歌。
帮我放一首周杰伦的歌。,PERSON : 周杰伦,MUSIC : 周杰伦
帮我用酷狗音乐播放音乐。
开百度云音乐。
彩云追月钢琴曲。,MUSIC : 彩云追月
很好唱得很不错。
想听音乐
感恩的心歌,MUSIC : 感恩的心
我们说好不分离要一直一直在一起。
我唱一首小白兔吧。,MUSIC : 小白兔
我在你的音乐中找不到。,MUSIC : 找不到
我好喜欢你,MUSIC : 我好喜欢你
我想你。,MUSIC : 我想你
我想去纽约。
我想听不谈。
我想听你唱歌。
我想听刘德华歌。,PERSON : 刘德华,MUSIC : 刘德华
我想听小提琴。
我想听晴天。
我想听朋友。
我想听林俊杰的他说。,PERSON : 林俊杰
我想听歌农夫。
我想听海誓山盟,MUSIC : 海誓山盟
我想听荷塘月色。,MUSIC : 荷塘月色
我想听陈百强的歌。,PERSON : 陈百强
我想听音乐。
我想咱们结婚吧,MUSIC : 咱们结婚吧
我想要听歌可以吗？,MUSIC : 我想要,MUSIC : 可以吗？
我找的音乐公主不是
我的将军。
我的未来不是梦,MUSIC : 我的未来不是梦
我要你唱的摇篮曲。,MUSIC : 我要你,MUSIC : 摇篮曲
我要听一树桃花开,MUSIC : 桃花开
我要听不出来
我要听光年之外。,MUSIC : 光年之外
我要听周杰伦的青花瓷。,PERSON : 周杰伦,MUSIC : 周杰伦,MUSIC : 青花瓷
我要听歌听听。
我要听百鸟朝凤这首歌曲。,MUSIC : 百鸟朝凤,MUSIC : 这首歌
我要在电脑上听音乐。
我要播放的不是杨丞琳的仰望李琦的氧化。,PERSON : 杨丞琳,PERSON : 李琦
打开三星音乐。
打开我手机上的音乐。
打开手机音乐。
打开电脑的网易音乐。
打开电脑音乐。
打开网易云播放丑八怪。,MUSIC : 丑八怪
打开网易云播放口是心非。,MUSIC : 口是心非
打开网易云播放音乐
打开网易云音乐并且跳过广告。
打开网易云音乐播放周杰伦的歌。,PERSON : 周杰伦,MUSIC : 周杰伦
打开网易云音乐播放青花瓷。,MUSIC : 青花瓷
打开网易音乐并播放。
打开酷我音乐然后播放做我自己。,MUSIC : 做我自己
打开酷狗音乐播放偏爱。
打开酷狗音乐播放烟火里的尘埃。,MUSIC : 烟火里的尘埃
打开酷狗音乐播放爱会还原。
打开酷狗音乐放一首歌。
扪心自问。
把音乐关闭了不听了
拥抱你离去。,MUSIC : 拥抱你离去
换一个唱张学友的歌。,PERSON : 张学友
换个好听的歌曲
搜索你不来我不老
搜索周杰伦,PERSON : 周杰伦,MUSIC : 周杰伦
播放一剪梅。,MUSIC : 一剪梅
播放一首伤心城市。,MUSIC : 伤心城市
播放一首歌。
播放一首歌曲。
播放一首睡眠曲。
播放不仅仅是喜欢。,MUSIC : 不仅仅是喜欢
播放以后别做朋友。,MUSIC : 以后别做朋友
播放余枫的远方。,PERSON : 余枫
播放你就不要想起我。,MUSIC : 你就不要想起我
播放光年之外。,MUSIC : 光年之外
播放可能说
播放吉姆餐厅。,MUSIC : 吉姆餐厅
播放周杰伦的妈妈手机,PERSON : 周杰伦,MUSIC : 周杰伦
播放喜欢你。,MUSIC : 喜欢你
播放夜。
播放太早
播放奇妙能力歌,MUSIC : 奇妙能力歌
播放张杰。,PERSON : 张杰
播放张杰的高飞。,PERSON : 张杰
播放我喜欢的歌曲
播放所后的星星
播放春江花月夜,MUSIC : 春江花月夜
播放最爱音乐播放
播放歌单我的喜欢,MUSIC : 我的喜欢
播放歌曲为爱痴狂。,MUSIC : 为爱痴狂
播放歌曲刘德华的恭喜发财。,PERSON : 刘德华,MUSIC : 刘德华,MUSIC : 恭喜发财
播放稻香。,MUSIC : 稻香
播放糊涂的爱。,MUSIC : 糊涂的爱
播放红色竹蜻蜓音乐
播放网易云音乐。
播放网络音乐
播放花花的歌。
播放虾米音乐。
播放许嵩。,PERSON : 许嵩
播放邓丽君。,PERSON : 邓丽君
播放青鸟
播放音乐放歌。
播放飘向远方。
播放魔鬼中的天使。,MUSIC : 魔鬼中的天使
播音乐。
放一首平凡之路。,MUSIC : 平凡之路
放个音乐听一下。
放首歌来听听
放首音乐。
放首音乐。
新年好。,MUSIC : 新年好
日本歌曲星座。
春天的故事,MUSIC : 春天的故事
曾经的照片还留在那个房间
有人歌
有人歌
李克勤。,PERSON : 李克勤
李宇春,PERSON : 李宇春
来一首新歌。
来一首漂洋过海来看。
来几首蒙古歌曲。
来点音乐。
来点音乐。
杨宇彤,PERSON : 杨宇彤
柯桥歌。,PERSON : 柯桥歌
梅艳芳,PERSON : 梅艳芳
梦鸽。
植物大战僵尸的歌曲
歌。
歌剧
歌曲天亮了
民族舞蹈尧山彩云飞
泰勒斯威夫特的歌。,PERSON : 泰勒斯威夫特
洗刷刷
热歌。
爱在草原
爱奇艺我想听一首真的好想你的歌曲,MUSIC : 真的好想你,MUSIC : 想你的歌
父亲歌曲
爸爸的话,MUSIC : 爸爸的话
王俊泽。,PERSON : 王俊泽
王咸阳,PERSON : 王咸阳
王强,PERSON : 王强
现在正在播放的音乐怎么知道是什么歌。
甜蜜打开酷狗音乐
生日快乐。,MUSIC : 生日快乐
用网易云播放往后余生。,MUSIC : 往后余生
用网易云给我放首歌。
用网易云音乐播放小兔的歌曲。
用网易云音乐播放来经典。
看刘和刚,PERSON : 刘和刚
看见雪梅吊孝
睡眠歌。
社会摇歌曲视频,MUSIC : 社会摇
神经病插曲,MUSIC : 神经病
等了那么
红日。
纯音乐。
纸上只有妈妈好,MUSIC : 妈妈好
给你一个赞
给我们唱一首歌吧。
给我唱一首九月九的酒。,MUSIC : 九月九的酒
给我唱一首方大同的歌。
给我唱一首英文歌。
给我唱个嘴巴嘟嘟。
给我唱小苹果。,MUSIC : 小苹果
给我唱梁博的男孩。,PERSON : 梁博
给我唱首小毛驴。,MUSIC : 小毛驴
给我唱首日不落。,MUSIC : 日不落
给我唱首江南。
给我打开酷狗音乐来一首李然丑。,PERSON : 李然丑
给我播放一首歌曲吧。
给我放一首让我们荡起双桨。,MUSIC : 让我们荡起双桨
给我放个音乐。
给我放首歌好吗？,MUSIC : 好吗？
继续播放歌曲。
网易云音乐
老爸
而舍难分
董文华的歌曲血染的风采,PERSON : 董文华
葫芦娃歌
说一个动物的歌。
说唱呀。
说鸟皇榜中状元
请唱一首歌拥抱你例句。,MUSIC : 拥抱你
请播放音乐。
请播放音乐。
起风了歌词,MUSIC : 起风了
超人流行点的歌。
这就是爱,MUSIC : 这就是爱
远走高飞,MUSIC : 远走高飞
那你小娜给我唱首歌吧。,PERSON : 小娜
酷我音乐盒
酷狗下载。
酷狗播放彀中。
酷狗音乐。
酷狗音乐歌曲获取成功周杰伦,PERSON : 周杰伦,MUSIC : 周杰伦
金鹿晗唱的歌。,PERSON : 金鹿晗
铠甲勇士
闹钟铃声。
随机播放本地音乐。
隐形的翅膀,MUSIC : 隐形的翅膀
音乐学猫叫。
音乐请播放音乐。
颜色歌。
黑色星期天。,MUSIC : 黑色星期天
5月天
一直下。
下一首下一首。
下载小爱声控。
下载网易云今天没有。
下载这一首
下载酷狗音乐。
不懂。
不用
中岛美雪
中文歌。
为爱痴狂,MUSIC : 为爱痴狂
主耶稣我怎能不爱你。,MUSIC : 我怎能,MUSIC : 不爱你
乔装打扮。
五环之歌。,MUSIC : 五环之歌
今天不愿别的男人见识你的抚媚。
会唱小星星吗？,MUSIC : 小星星
但愿人长久,MUSIC : 但愿人长久
何龙雨的歌曲中泪。,PERSON : 何龙雨
你个首歌听听。
你会不会唱将？,MUSIC : 会不会
你会放音乐吗？
你傻不傻
你在等待谁。,MUSIC : 在等待
你好可以播放音乐吗
你是我的一切。,MUSIC : 你是我的
你能唱一首歌听吗？
你能给我唱一下5月天的歌吗？
你认识久石让吗？
使用手机网易云音乐播放音乐。
停止放音乐
全面反映中国革命历史的大歌舞作品。
公主抱,MUSIC : 公主抱
关闭酷狗音乐。
冥冥之中。,MUSIC : 冥冥之中
冯提莫幸运符,PERSON : 冯提莫
刀枪剑影。
别说。
北国之春。,MUSIC : 北国之春
千里共婵娟。,MUSIC : 千里共婵娟
华语流行歌曲,MUSIC : 流行歌曲
卢本伟。,PERSON : 卢本伟
双双化蝶。
口哨。
口琴
古典音乐。
古天乐
可以给我播放一首音乐吗？
吉祥如意。
听周杰伦的歌。,PERSON : 周杰伦,MUSIC : 周杰伦
听歌新歌。
告白气球怎么唱,MUSIC : 告白气球
唱5分钟的歌儿。
唱一支歌。
唱一段青春。
唱一首你的歌,MUSIC : 你的歌
唱一首勇气。
唱一首周杰伦的歌儿,PERSON : 周杰伦,MUSIC : 周杰伦
唱一首大悲咒。,MUSIC : 大悲咒
唱一首大王叫我来巡山。,MUSIC : 大王叫我来巡山
唱一首好听好听的歌
唱一首布兰妮的歌。,PERSON : 布兰妮
唱一首张学友的慢慢。,PERSON : 张学友
唱一首林俊杰的歌,PERSON : 林俊杰
唱一首郑容和的为我着迷。,PERSON : 郑容
唱一首青花瓷,MUSIC : 青花瓷
唱两只老虎,MUSIC : 两只老虎
唱个两只老虎。,MUSIC : 两只老虎
唱个英语歌
唱出来
唱十一年。
唱十年给我听。
唱唱首远走高飞,MUSIC : 远走高飞
唱小老虎的
唱小苹果快点唱小苹果。,MUSIC : 小苹果,MUSIC : 小苹果
唱支歌
唱李代沫的歌,PERSON : 李代沫
唱王菲歌。,PERSON : 王菲歌
唱粤语歌
唱说唱。
唱音乐剧。
唱首小苹果。,MUSIC : 小苹果
唱首张学友的歌吧。,PERSON : 张学友
唱首歌听小娜给你唱两句就你安眠。,PERSON : 小娜
唱首歌好不好？,MUSIC : 好不好
唱首甜蜜蜜,MUSIC : 甜蜜蜜
唱高歌。
唱黑猫警长黑猫警长,MUSIC : 黑猫警长,MUSIC : 黑猫警长
在线歌曲播放。
夜空中最亮的星简谱,MUSIC : 夜空中最亮的星
大王叫我来巡山,MUSIC : 大王叫我来巡山
好放个曲子吧。
如丝
如果说你是冬天的眼光我想听的。
姐姐妹妹站起来歌词。,MUSIC : 姐姐妹妹站起来
小娜你会唱王菲的歌吗？,PERSON : 小娜,PERSON : 王菲
小娜你好你好小娜给我打开网易云音乐。,PERSON : 小娜,PERSON : 小娜
小娜你好我想听张学友的歌。,PERSON : 小娜,PERSON : 张学友
小娜你给我唱首歌好吗,PERSON : 小娜
小娜你能给我唱一曲童话镇吗？,PERSON : 小娜,MUSIC : 童话镇
小娜再给我唱首歌儿呗,PERSON : 小娜
小娜可以唱首歌给我听。,PERSON : 小娜
小娜唱个歌儿。,PERSON : 小娜
小娜唱首歌。,PERSON : 小娜
小娜唱首歌听一听。,PERSON : 小娜
小娜唱首火锅底料。,PERSON : 小娜
小娜放音乐。,PERSON : 小娜
小娜放首歌曲。,PERSON : 小娜
小娜放首歌给我听。,PERSON : 小娜
小娜请打开酷我音乐,PERSON : 小娜
小娜音乐走起。,PERSON : 小娜
小幸运。,MUSIC : 小幸运
小沈阳。,PERSON : 小沈阳
小燕子穿,PERSON : 小燕子,MUSIC : 小燕子
小老鼠,MUSIC : 小老鼠
小鸡小鸡小鸡。,MUSIC : 小鸡小鸡,MUSIC : 小鸡小鸡
就这样匆匆你一辈,MUSIC : 就这样
帕瓦罗蒂,PERSON : 帕瓦罗蒂
带你去旅行。,MUSIC : 带你去旅行
帮我下载网易云音乐。
平行歌曲在线播放
张宇你会不会？,PERSON : 张宇,MUSIC : 会不会
徐小凤的歌曲。,PERSON : 徐小凤
我们的天空。,MUSIC : 我们的天空
我可以永远永远抱着你吗,MUSIC : 我可以,MUSIC : 永远永远,MUSIC : 抱着你
我想听一千零一夜的歌,MUSIC : 一千零一夜
我想听你唱水手。
我想听刘德华的千年等一回。,PERSON : 刘德华,MUSIC : 刘德华
我想听吉祥三宝。,MUSIC : 吉祥三宝
我想听吻别这首歌。,MUSIC : 这首歌
我想听平凡之路。,MUSIC : 平凡之路
我想听懂
我想听我只在乎你。,MUSIC : 我只在乎你
我想听时间像小马车
我想听暧昧。
我想听水手。
我想听海誓山盟,MUSIC : 海誓山盟
我想听漫步人生路。,MUSIC : 漫步人生路
我想听音乐名字叫做哈瓦那。
我想听音阙诗听的尽头。
我想听龙井的说唱
我要听你。
我要听你的名字里面的主题曲。,MUSIC : 你的名字
我要听大约在冬季。,MUSIC : 大约在冬季
我要听少司命的歌。
我要听岁月神偷。,MUSIC : 岁月神偷
我要听极乐净土。,MUSIC : 极乐净土
我要听歌战争
我要听茉莉花。,MUSIC : 茉莉花
我要听诺基亚铃声。
我要听黄渤的歌。,PERSON : 黄渤
我要活。
打开我的酷狗音乐
打开手机里的音乐软件。
打开歌
打开歌曲。
打开电脑上的网易云音乐。
打开网易云放音乐。
打开网易云音乐帮我播放梦醒时分。,MUSIC : 梦醒时分
打开网易云音乐播放不变的音乐。,MUSIC : 不变的音乐
打开网易云音乐播放我喜欢的音乐第二十。
打开网易云音乐播放无人之境。,MUSIC : 无人之境
打开网易云音乐播放第一首歌曲。
打开网易云音乐播放简单爱。,MUSIC : 简单爱
打开网易云音乐播放青花瓷。,MUSIC : 青花瓷
打开网易云音乐放歌。
打开虾米音乐放音乐给我听。
打开酷我音乐播放心之燕
打开酷我音乐放首歌。
打开酷狗。
打开酷狗播放四海。
打开酷狗播放理想三旬。,MUSIC : 理想三旬
打开酷狗音乐播放夏令。
打开酷狗音乐播放有没有？,MUSIC : 有没有
打开音乐播放器。
打开音乐播放樱花樱花想见你。,MUSIC : 樱花樱花想见你
把酒倒满这首歌的改编版怎么唱。,MUSIC : 这首歌
把音乐关掉
拍手歌
拨首歌。
换一首好不好？,MUSIC : 好不好
换一首音乐
播放一个人走。,MUSIC : 一个人走
播放一首伤心城市。,MUSIC : 伤心城市
播放一首歌儿
播放一首歌听听。
播放一首薛之谦的歌为了遇见你。,PERSON : 薛之谦,MUSIC : 为了遇见你
播放一首许嵩的歌。,PERSON : 许嵩
播放三国演义主题曲。,MUSIC : 三国演义
播放伤感的音乐。
播放友情歌。
播放口是心非。,MUSIC : 口是心非
播放另一个天堂
播放周杰伦的音乐,PERSON : 周杰伦,MUSIC : 周杰伦
播放学猫叫这一首歌。
播放张杰的天下。,PERSON : 张杰
播放忧伤还是快乐。
播放最爱的音乐列表
播放死了都要爱。,MUSIC : 死了都要爱
播放毛不易消愁。
播放沧海一声笑。,MUSIC : 沧海一声笑
播放流行音乐。
播放猫头鹰之城的音乐。,MUSIC : 猫头鹰
播放王菲。,PERSON : 王菲
播放离人愁。,MUSIC : 离人愁
播放秋裤大叔的歌。
播放网易云音乐
播放邓紫棋的。,PERSON : 邓紫棋
播放钢琴曲。
播放音乐你是我的眼。,MUSIC : 你是我的眼
播放音乐快乐出发,MUSIC : 快乐出发
播放马云的歌。,PERSON : 马云
播放高晓松,PERSON : 高晓松
播放鹿晗的勋章。,PERSON : 鹿晗
放一首周杰伦的歌儿。,PERSON : 周杰伦,MUSIC : 周杰伦
放一首歌来听
放一首烤面筋。
放不下的情缘歌曲,MUSIC : 放不下
放个歌曲。
放歌曲儿。
放首歌给我听
放首轻音乐。
放首音乐听听。
放首马云的歌。,PERSON : 马云
日本周杰伦,PERSON : 周杰伦,MUSIC : 周杰伦
春天在哪里呀春天在哪里。,MUSIC : 春天在哪里,MUSIC : 春天在哪里
最浪漫的事。,MUSIC : 最浪漫的事
有一个姑娘她有一些任性。
有歌听吗歌曲。
李翊君,PERSON : 李翊君
来一首小跳蛙。,MUSIC : 小跳蛙
来一首老歌
来一首钢琴曲。
来首音乐吧。
杨坤。,PERSON : 杨坤
校园给我唱一首歌。
植物大战僵尸的歌曲
欧阳菲菲。,PERSON : 欧阳菲菲
歌剧
歌曲再见。
歌曲千年等一回
歌曲月色
歌曲歌曲
歌曲精忠报国。,MUSIC : 精忠报国
歌曲老爸你听我解释
歌颂首都北京。
江南。
浴霸一首歌给我听。
灯红酒绿
爱心大无限
父亲草原母亲的河
王菲的歌,PERSON : 王菲
用武汉话唱一首歌
用网易云播放伤心。
用网易云音乐播放可能。
用网易云音乐放歌。
病名为爱
登峰造极
看过。
真的了
睡觉的歌。
知足。
等你。
粉刷匠
红尘之歌
经典101
给俺们唱的歌儿
给我关闭酷狗音乐
给我唱一首九月九的酒。,MUSIC : 九月九的酒
给我唱一首粤语歌曲呗。
给我唱弯弯的月亮。,MUSIC : 弯弯的月亮
给我唱我音乐播放器里面的第一首歌。,MUSIC : 我唱我
给我来一首甜蜜蜜。,MUSIC : 甜蜜蜜
网易云音乐
网易云音乐播放我的歌曲。
能不能打开我的软件放一首歌出来。,MUSIC : 能不能
脍炙人口的经典歌曲情歌
舒服
花好月圆。,MUSIC : 花好月圆
花火里的主题曲
草裙舞。,MUSIC : 草裙舞
菊花台会唱吗？,MUSIC : 菊花台
萤火虫歌曲,MUSIC : 萤火虫
蕾哈娜的歌来一首。,PERSON : 蕾哈娜
许巍的歌播放。,PERSON : 许巍
说你
说散就散在线播放,MUSIC : 说散就散
请唱一首非常流行的歌曲
还有什么好听的歌放首歌给我听。,MUSIC : 有什么
这个儿歌我听过了能不能换一个儿歌。,MUSIC : 我听过,MUSIC : 能不能
遥远的她。,MUSIC : 遥远的她
邓丽君的歌。,PERSON : 邓丽君
邓婷,PERSON : 邓婷
邓紫棋出过什么歌。,PERSON : 邓紫棋
那卖报歌。,MUSIC : 卖报歌
那就唱首老歌吧。
酷我音乐
酷狗
酷狗音乐
金志文。,PERSON : 金志文
陈建骐,PERSON : 陈建骐
陈翔,PERSON : 陈翔
随便播放一首乐曲。
随机播放一首音乐。
难忘今宵。,MUSIC : 难忘今宵
难舍难分。,MUSIC : 难舍难分
音乐公主
音乐打开音乐。
音乐播放
下载酷我音乐
下载酷狗音乐下载酷狗音乐。
不会呀小苹果。,MUSIC : 小苹果
不是共产党的歌
主题音乐。
你会听歌识曲吗？
你会唱我吗？
你可以给我唱一首歌吗
你可以给我唱一首歌吗？
你好打开网易云音乐。
你能识别歌曲吗？
你认识汪峰。,PERSON : 汪峰
健身音乐
健身音乐
全心全意爱着你就像老鼠爱大米。,MUSIC : 全心全意,MUSIC : 爱着你,MUSIC : 老鼠爱大米
关于猫的音乐
关掉网易云。
关闭音乐
再唱一首好听的
冯提莫的玻璃糖,PERSON : 冯提莫,MUSIC : 玻璃糖
冷呀风沙口海清张纸上的前方的路不好走。
刀光剑影。,MUSIC : 刀光剑影
刘若英,PERSON : 刘若英
初恋的地方,MUSIC : 初恋的地方
别哭
加油小毛虫,MUSIC : 加油小毛虫
千山万水
华晨宇。,PERSON : 华晨宇
卓玛。
叶欢,PERSON : 叶欢
向往西藏
吴奇隆追风少年。,PERSON : 吴奇隆,MUSIC : 追风少年
唱一人我饮酒醉。,MUSIC : 一人我饮酒醉
唱一首周杰伦的歌,PERSON : 周杰伦,MUSIC : 周杰伦
唱一首女人是老虎。,MUSIC : 女人是老虎
唱一首小嘛小二郎。,PERSON : 小二郎
唱一首李玉刚的歌,PERSON : 李玉刚
唱一首王菲的歌吧。,PERSON : 王菲
唱丁浩然的歌。,PERSON : 丁浩然
唱东风破。,MUSIC : 东风破
唱个周杰伦的歌吧。,PERSON : 周杰伦,MUSIC : 周杰伦
唱凤凰传奇的荷塘月色,MUSIC : 荷塘月色
唱刘德华的歌,PERSON : 刘德华,MUSIC : 刘德华
唱刘德华的音乐。,PERSON : 刘德华,MUSIC : 刘德华
唱北京一夜。,MUSIC : 北京一夜
唱古诗。
唱告白日记。,MUSIC : 告白日记
唱唱支粤语歌来听一下。
唱小鸡小鸡。,MUSIC : 小鸡小鸡
唱歌给我听。
唱粤语歌曲。
唱葫芦。
唱陈奕迅的十年。,PERSON : 陈奕迅
唱首小鸭
唱首我的桃花运。
唱首汪峰的歌,PERSON : 汪峰
唱首红歌。
唱首青藏高原。,MUSIC : 青藏高原
唱首黑猫警长来听。,MUSIC : 黑猫警长
嗨小娜帮我从桌面打开网易云。,PERSON : 小娜
嗨小娜打开我的音乐。,PERSON : 小娜
嘟嘟歌
在我的电脑上打开网易云音乐。
在酷狗音乐。
基督教歌曲荣耀归给
大梦想家歌曲,MUSIC : 大梦想家
奉献
女人的歌
好久不见播放音乐。,MUSIC : 好久不见
娘娘腔
孙子涵最近有没有出新歌？,PERSON : 孙子涵,MUSIC : 有没有
孙耀威爱的故事。,PERSON : 孙耀威,MUSIC : 爱的故事
学猫叫歌曲
安娜的橱窗,PERSON : 安娜,MUSIC : 安娜的橱窗
小娜会唱一首歌吗,PERSON : 小娜
小娜再给我唱一首歌。,PERSON : 小娜
小娜帮我打开网易云音乐。,PERSON : 小娜
小娜帮我播放一首音乐。,PERSON : 小娜
小娜播放白龙马,PERSON : 小娜,MUSIC : 白龙马
小娜放个音乐。,PERSON : 小娜
小娜放音乐小娜放音乐小娜放音乐。,PERSON : 小娜,PERSON : 小娜,PERSON : 小娜
小娜给我唱一个歌,PERSON : 小娜
小娜给我唱首粤语歌。,PERSON : 小娜
小娜给我放一首成都。,PERSON : 小娜
小娜给我放首音乐。,PERSON : 小娜
小娜音乐走起。,PERSON : 小娜
小宝贝。,MUSIC : 小宝贝
小毛驴,MUSIC : 小毛驴
小燕子儿歌。,PERSON : 小燕子,MUSIC : 小燕子
小猪歌
小花猫喵喵喵,MUSIC : 小花猫,MUSIC : 喵喵喵
小虎队的爱
小鱼音乐。
帮我打开酷狗音乐软件。
帮我播放无与伦比的美丽。,MUSIC : 无与伦比的美丽
帮我用酷狗音乐播放音乐。
帮我用音乐放首歌。
开启音乐。
开始下载酷狗音乐。
开始播放音乐。
张国荣原创歌曲,PERSON : 张国荣
心情不好听。
念首儿歌。
怎么办,MUSIC : 怎么办
成都话。
我可以用网易云音乐播放音乐你只需要安装一下。,MUSIC : 我可以
我唱首歌儿。
我家在哪里。,MUSIC : 我家在哪里
我对不起。,MUSIC : 对不起
我想听千里之外。,MUSIC : 千里之外
我想听小毛驴。,MUSIC : 小毛驴
我想听拿刀塔。
我想听流行歌曲,MUSIC : 流行歌曲
我想听王菲。,PERSON : 王菲
我想听纸短情长。,MUSIC : 纸短情长
我想听薛之谦的怪咖。,PERSON : 薛之谦
我想听薛之谦的歌叫一半。,PERSON : 薛之谦
我想听难忘今宵。,MUSIC : 难忘今宵
我想拥抱你。,MUSIC : 拥抱你
我放歌曲
我是海豚
我爱她。,MUSIC : 我爱她
我现在想听一下音乐。
我要听两只老虎我要听两只老虎。,MUSIC : 两只老虎,MUSIC : 两只老虎
我要听我要听你曾是少年。,MUSIC : 你曾是少年
我要听烟花服从
我要听百鸟朝凤之首歌。,MUSIC : 百鸟朝凤
我要飞。,MUSIC : 我要飞
我让你播放一首歌。
我说明年周杰伦,PERSON : 周杰伦,MUSIC : 周杰伦
我说过了我累了我想听音乐,MUSIC : 我累了
打开云音乐。
打开小手拍拍来听
打开彼得老歌。
打开打开酷狗音乐
打开百度云音乐。
打开网易云我喜欢的音乐。
打开网易云播放本地音乐。
打开网易云月。
打开网易云音乐。
打开网易云音乐小娜打开网易云音乐。,PERSON : 小娜
打开网易云音乐并播放操体。
打开网易云音乐并播放镜头。
打开网易云音乐播放本地音乐。
打开网易云音乐播放第一首歌曲。
打开网易云音乐播放音乐
打开网易音乐
打开网易音乐并搜索我的地盘。,MUSIC : 我的地盘
打开网易音乐播放音乐。
打开虾米音乐并播放成都。
打开虾米音乐播放感觉时刻。
打开酷我音乐播放王铮亮的歌。,PERSON : 王铮亮
打开酷狗播放音乐。
打开酷狗酷我音乐。
打开酷狗音乐
打开酷狗音乐播放张学友的歌。,PERSON : 张学友
打开酷狗音乐播放爱会还原。
打开酷狗音乐播放答案。
打开酷狗音乐放一下梁静茹的。,PERSON : 梁静茹
打开音乐。
把之歌钢琴曲
把你学的新歌唱一唱给我听一听。
把电脑上面的歌暂停。
把音乐关了。
把音乐暂停了。
拉粑粑进行曲
换一首歌儿。
掀起你的盖头来。,MUSIC : 掀起你的盖头来
搜索林志炫的歌。,PERSON : 林志炫
搜索陈立农唱的虾米,PERSON : 陈立农
搞笑歌曲。
播一首音乐。
播放一三成长。
播放一笑倾城。,MUSIC : 一笑倾城
播放一首歌曲
播放伤不起。,MUSIC : 伤不起
播放你的音乐。
播放做你的新娘,MUSIC : 做你的新娘
播放周杰伦中,PERSON : 周杰伦中,MUSIC : 周杰伦
播放周杰伦的借口。,PERSON : 周杰伦,MUSIC : 周杰伦
播放回忆总想哭。,MUSIC : 回忆总想哭
播放多高。
播放好想你。,MUSIC : 好想你
播放带你去旅行,MUSIC : 带你去旅行
播放忘了忘不了,MUSIC : 忘了忘不了
播放感恩的心,MUSIC : 感恩的心
播放手机中的音乐。
播放最新的。
播放歌单列表
播放歌曲卡布奇诺。,MUSIC : 卡布奇诺
播放歌曲神似清。
播放歌曲谢谢你的爱。,MUSIC : 谢谢你的爱
播放歌曲达拉崩吧。,MUSIC : 达拉崩吧
播放此彼绘卷,MUSIC : 此彼绘卷
播放红色竹蜻蜓音乐
播放红色竹蜻蜓音乐
播放网易云里面我喜欢的音乐
播放薛之谦演员。,PERSON : 薛之谦
播放薛之谦的歌曲。,PERSON : 薛之谦
播放薛之谦的演员,PERSON : 薛之谦
播放许巍的音乐。,PERSON : 许巍
播放迈克尔杰克逊。,PERSON : 迈克尔杰克逊
播放陈奕迅的明年今日。,PERSON : 陈奕迅,MUSIC : 明年今日
播放青花瓷。,MUSIC : 青花瓷
播放音乐情诗。
播歌
放一首。
放一首生命之杯。
放一首睡觉时听的歌曲
放开让我睡着的音乐。
放歌曲我们不一样。,MUSIC : 不一样
明天
明明相爱。
是你
最美的光儿歌,MUSIC : 最美的光
最长的电影周杰伦,PERSON : 周杰伦,MUSIC : 最长的电影,MUSIC : 周杰伦
有什么好听的歌介绍一下,MUSIC : 有什么
李朝。,PERSON : 李朝
李白歌曲。,PERSON : 李白
来一首歌曲。
来一首流行的音乐。
来一首海阔天空。,MUSIC : 海阔天空
来一首精忠报国。,MUSIC : 精忠报国
来唱一首小情歌。,MUSIC : 小情歌
杨幂,PERSON : 杨幂
查找曲子昌
梁文灏。,PERSON : 梁文灏
歌曲。
歌曲一起学猫叫。
歌曲公主披风,MUSIC : 公主披风
歌曲再泊枫桥
歌曲回娘家,MUSIC : 回娘家
歌曲庄心妍
死去活来。
没有人。,MUSIC : 没有人
熊出没首歌
爱你。
爱奇艺彭丽媛演唱的春天的故事,PERSON : 彭丽媛,MUSIC : 春天的故事
王俊凯的所有歌曲,PERSON : 王俊凯
用网易云播放我好想你。,MUSIC : 我好想你
用网易云播放赵传的歌。,PERSON : 赵传
用网易云放歌给我听。
用网易云音乐播放小幸运。,MUSIC : 小幸运
用酷我播放音乐。
用音乐播放音乐。
用音乐放首歌。
白雪歌。,MUSIC : 白雪歌
看看我歌曲。
真真假假。,MUSIC : 真真假假
睡眠的音乐。
短发
突然。
等等
策马扬鞭。
简单的音乐谱,MUSIC : 简单的
索洁广场舞相约草原
给我唱一首世上只有妈妈好。,MUSIC : 世上只有妈妈好
给我唱一首英文歌。
给我唱个歌儿。
给我唱起风了。,MUSIC : 起风了
给我唱首歌听一下。
给我搜一下温锅。
给我播放一首好听的音乐。
给我放音乐。
给我朗诵诗歌
老夫少妻。
老师你好歌曲。,MUSIC : 老师你好
而舍难分
耿耿于怀,MUSIC : 耿耿于怀
聊天儿
草原
葫芦丝曲。
葫芦娃唱。
西海情歌。,MUSIC : 西海情歌
讲真的。,MUSIC : 讲真的
许嵩。,PERSON : 许嵩
说散就散,MUSIC : 说散就散
请唱一首蔡琴的歌。,PERSON : 蔡琴
请帮我播放音乐
请帮我放一首歌。
请给我唱一首小苹果。,MUSIC : 小苹果
豫剧抬花轿。,MUSIC : 抬花轿
走马。
起床音乐。
跳舞的心
远走高飞。,MUSIC : 远走高飞
远走高飞。,MUSIC : 远走高飞
那个女孩。,MUSIC : 那个女孩
酷我
酷我升级不。
酷狗音乐。
酷狗音乐停止。
酷狗音乐播放爱如潮水。,MUSIC : 爱如潮水
闪蝶
阳明山周杰伦,PERSON : 周杰伦,MUSIC : 阳明山,MUSIC : 周杰伦
阿弥陀佛。
阿里音乐网
陈鸿宇。,PERSON : 陈鸿宇
随便唱首歌
随机播放本地音乐。
随机播放电影。
随机播放网易云
青青草原。
韩红的天路,PERSON : 韩红
音乐之声主角。
音乐之声主角。
音乐刀郎
音乐学猫叫。
音乐节。
音乐视频
风停了雨炖了你一定要走。
飞雪
马兰开花二十128256282728293十一。
黑客打开网易云播放音乐。
黑猫警长的歌怎么唱,MUSIC : 黑猫警长
一三亮晶晶的歌,MUSIC : 亮晶晶
一壶老酒
下载网易云音乐
不好听。
东北摇篮曲。,MUSIC : 摇篮曲
中文歌。
他听不懂,MUSIC : 听不懂
伤心总是难免的。
你唱一首数鸭子。,MUSIC : 数鸭子
你唱首一闪一闪亮晶晶。,MUSIC : 亮晶晶
你回来了,MUSIC : 回来了
你好毒你好毒,MUSIC : 你好毒,MUSIC : 你好毒
你好讨厌的音乐。
你快乐吗？,MUSIC : 你快乐吗
你爱不爱我。,MUSIC : 你爱不爱我
你给我唱个不停吗？
你给我的感觉。,MUSIC : 我的感觉
你能唱一首歌吗？
使用网易云音乐播放歌曲。
催眠曲歌。
关掉网易云音乐。
再来一首歌。
再来一首粤语歌。
冥想音乐。
加减乘除。,MUSIC : 加减乘除
劳动人民最光荣歌曲。
勇敢的我。,MUSIC : 勇敢的我
北国风光。
华爱歌曲
卡布洛奇,PERSON : 卡布洛奇
卡米卡米。
可以了。,MUSIC : 可以了
吴文婷。,PERSON : 吴文婷
哪怕歌听听
唱一下东方红,MUSIC : 东方红
唱一首周杰伦的歌儿。,PERSON : 周杰伦,MUSIC : 周杰伦
唱一首小月月的歌。
唱一首小苹果儿小娜。,PERSON : 小娜,MUSIC : 小苹果
唱一首栀子花。,MUSIC : 栀子花
唱一首苏打绿的歌。
唱不仅仅是喜欢。,MUSIC : 不仅仅是喜欢
唱个小苹果吧。,MUSIC : 小苹果
唱个歌儿
唱个流行歌曲。,MUSIC : 流行歌曲
唱二人转。
唱凤凰传奇的歌。
唱出一派等于多少。
唱前明月光。,MUSIC : 明月光
唱同桌的你。,MUSIC : 同桌的你
唱告白气球播放告白气球。,MUSIC : 告白气球,MUSIC : 告白气球
唱啼猫叫。
唱夜来香。,MUSIC : 夜来香
唱天气。
唱小草没有花香
唱林志炫的歌。,PERSON : 林志炫
唱歌儿流行歌曲。,MUSIC : 流行歌曲
唱爱我中华。,MUSIC : 爱我中华
唱王菲的歌。,PERSON : 王菲
唱神经病之歌。,MUSIC : 神经病之歌
唱筷子兄弟的歌。,MUSIC : 筷子兄弟,MUSIC : 兄弟的歌
唱菊花台,MUSIC : 菊花台
唱蔡依林的舞娘。,PERSON : 蔡依林
唱长城长。,MUSIC : 长城长
唱青蛙小跳。
唱音乐剧。
唱首2799。
唱首歌同桌的你。,MUSIC : 同桌的你
唱首歌吗？
唱首洪湖水。
唱首流行歌曲听听,MUSIC : 流行歌曲
唱首谭咏麟的歌。,PERSON : 谭咏麟
嗨你唱个舞女泪,MUSIC : 舞女泪
回心转意。,MUSIC : 回心转意
在我的电脑上播放我喜欢的音乐。
在网易云播放音乐。
基督教歌曲我们都是耶稣的羊了,PERSON : 耶稣,MUSIC : 我们都是
塔兰泰拉舞
天下有情人,MUSIC : 天下有情人
天不刮风天不下雨天上有太阳,MUSIC : 下雨天
天天向上林静
太阳当空照。,MUSIC : 太阳当空照
奚秀兰。,PERSON : 奚秀兰
好听的音乐。
孙悦唱歌儿吗,PERSON : 孙悦
孙悦的歌吗,PERSON : 孙悦
孙晨,PERSON : 孙晨
学习周杰伦。,PERSON : 周杰伦,MUSIC : 周杰伦
学猫叫的音乐
宋茜,PERSON : 宋茜
寂寞的歌曲
小冰歌,PERSON : 小冰歌
小娜你好你好小娜给我打开网易云音乐。,PERSON : 小娜,PERSON : 小娜
小娜唱一首歌给我听吧。,PERSON : 小娜
小娜唱一首王菲的歌。,PERSON : 小娜,PERSON : 王菲
小娜唱歌儿。,PERSON : 小娜
小娜唱首歌给我听,PERSON : 小娜
小娜打开网易音乐,PERSON : 小娜
小娜打开酷我音乐。,PERSON : 小娜
小娜放首歌听。,PERSON : 小娜
小娜给我唱一首歌曲拥抱着你的离去。,PERSON : 小娜,MUSIC : 抱着你
小娜给我唱青花瓷。,PERSON : 小娜,MUSIC : 青花瓷
小娜请打开酷狗。,PERSON : 小娜
小小世界。,MUSIC : 小小世界
小苹果你好,MUSIC : 小苹果
小苹果的歌。,MUSIC : 小苹果
山外小楼夜听雨,MUSIC : 山外小楼夜听雨
希望这首摇篮曲能玩你对听泵箱。,MUSIC : 摇篮曲
帮我下载酷狗音乐
帮我下载酷狗音乐
帮我打开音乐
帮我播放一些读烟的歌。
帮我播放王源唱的歌,PERSON : 王源
帮我放一首现在流行的音乐。,MUSIC : 现在流行
开心的笑
开酷狗音乐。
张国荣。,PERSON : 张国荣
张国荣全部歌曲,PERSON : 张国荣
忘不掉,MUSIC : 忘不掉
想你。
想听摇篮曲。,MUSIC : 摇篮曲
想听音乐
我不想听歌儿把歌关了,MUSIC : 我不想
我们唱首歌吧。
我喜欢你,MUSIC : 喜欢你
我喜欢听你唱歌
我就知道播放王竞哲。,PERSON : 王竞哲
我想听你学猫叫。
我想听刘德华的忘情水。,PERSON : 刘德华,MUSIC : 刘德华,MUSIC : 忘情水
我想听小狗小狗的歌曲
我想听浮夸。
我想听纯。
我想听薛之谦的歌。,PERSON : 薛之谦
我想听薛之谦的演员。,PERSON : 薛之谦
我想听送别这首歌,MUSIC : 这首歌
我想听陈奕迅的歌。,PERSON : 陈奕迅
我想我想和你唱吴亦凡,PERSON : 吴亦凡,MUSIC : 我想和你唱
我想要去旅行。,MUSIC : 我想要,MUSIC : 去旅行
我有一只小毛驴。,MUSIC : 小毛驴
我的天空,MUSIC : 我的天空
我的将军啊。
我要听一首歌快点放出来
我要听你唱的歌曲。
我要听忘忧草。,MUSIC : 忘忧草
我要听栀子花开。,MUSIC : 栀子花开
我要听诺基亚铃声。
我要听追光者。,MUSIC : 追光者
我要看秦雪梅吊孝,PERSON : 秦雪梅
我要看酒干倘卖无原唱,MUSIC : 酒干倘卖无
打开咪咕音乐播放歌曲。
打开电脑音乐。
打开网易云并播放音乐。
打开网易云播放音乐
打开网易云的收藏。
打开网易云音乐并播放尽头。
打开网易云音乐播放山海。
打开网易云音乐播放平凡之路。,MUSIC : 平凡之路
打开网易音乐。
打开网易音乐播放离歌。
打开网易音乐放一首歌。
打开虾米播放成都。
打开虾米音乐听成都这首歌。,MUSIC : 这首歌
打开软件音乐。
打开酷我音乐并播放说散就散。,MUSIC : 说散就散
打开酷我音乐点一首伤心太平洋。,MUSIC : 伤心太平洋
打开酷狗商店。
打开酷狗播放睡前一。
打开酷狗音乐并播放告白气球。,MUSIC : 告白气球
打开酷狗音乐搜索魔道祖师。,MUSIC : 魔道祖师
打开酷狗音乐播放一首伤心城市。,MUSIC : 伤心城市
打开酷狗音乐播放灵魂相认。,MUSIC : 灵魂相认
打开酷狗音乐放首歌。
找歌听
把现在播放的音乐关掉。
探清水河。,MUSIC : 探清水河
播一首歌。
播放一首小城故事。,MUSIC : 小城故事
播放一首音乐。
播放丁香花。,PERSON : 丁香花,MUSIC : 丁香花
播放下一首。
播放亲爱的路人。,MUSIC : 亲爱的路人
播放勉为其难。,MUSIC : 勉为其难
播放友谊之光。,MUSIC : 友谊之光
播放四重罪孽,MUSIC : 四重罪孽
播放崇拜。
播放我想更懂。
播放我的滑板鞋。,MUSIC : 我的滑板鞋
播放探清水河。,MUSIC : 探清水河
播放无处安放。,MUSIC : 无处安放
播放末小皮的音乐。
播放本地歌曲。
播放李志辉。,PERSON : 李志辉
播放林俊杰。,PERSON : 林俊杰
播放歌单打开网易云音乐。
播放江南三的歌曲的歌曲的歌曲的歌。
播放渔舟唱晚,MUSIC : 渔舟唱晚
播放烟花易冷。,MUSIC : 烟花易冷
播放生命之杯。
播放萤火。
播放薛之谦的演员,PERSON : 薛之谦
播放踩踩踩踩。,MUSIC : 踩踩踩,MUSIC : 踩踩踩
播放轻音乐。
播放郑。
播放陆树铭,PERSON : 陆树铭
播放音乐恐怖。
播放音乐歌曲后来
放一首冻结来听听。
放个歌儿听。
放首小沈阳的歌儿。
放首音乐听吧。
明天以后,MUSIC : 明天以后
春天在哪里。,MUSIC : 春天在哪里
最后我们一起在一起,MUSIC : 最后我们
有点甜,MUSIC : 有点甜
朴树,PERSON : 朴树
李云音乐。,PERSON : 李云
李宇春,PERSON : 李宇春
来一首大头儿子。
来放音乐听。
来放音乐听。
歌曲大王叫我来巡山。,MUSIC : 大王叫我来巡山
歌曲排行榜
歌曲歌曲
歌曲海阔天空。,MUSIC : 海阔天空
歌曲获取失败周杰伦,PERSON : 周杰伦,MUSIC : 周杰伦
歌曲识别。
歌曲走过咖啡屋,MUSIC : 走过咖啡屋
歌曲起风了,MUSIC : 起风了
毕业歌。,MUSIC : 毕业歌
民歌采红菱,MUSIC : 采红菱
汪峰的光明。,PERSON : 汪峰
没找到明天的任何音乐。
流行歌,MUSIC : 流行歌
滚滚长江东逝水。,MUSIC : 滚滚长江东逝水
爱你在心口难开。,MUSIC : 爱你在心口难开
爱你的苦
现在最流行的热门歌曲。
琵琶语。,MUSIC : 琵琶语
用日语唱刘欢的歌。,PERSON : 刘欢
用网易云播放话。
用网易音乐播放歌曲。
用网给我放首歌。
用酷我。
用酷狗音乐搜索爱你。
用音乐播放李健的在水一方。,PERSON : 李健,MUSIC : 在水一方
电脑上播放音乐。
相亲相爱的一家人。,MUSIC : 相亲相爱
神奇的
给我唱一个妈妈好,MUSIC : 妈妈好
给我唱一首小苹果。,MUSIC : 小苹果
给我唱一首情人迷。
给我唱个卓玛。
给我唱个歌呗。
给我唱唱歌。
给我唱段歌剧。
给我唱首让人琵琶
给我播放七天
给我放一首儿歌吧。
给我放一首面筋歌。
给我放个音乐。
给我放首歌吗？
给我放首歌好吗？,MUSIC : 好吗？
网易云音乐
网易云音乐打开我的
网易云音乐播放。
网易八三多少钱。
胖了你就别走了。,MUSIC : 别走了
胖胖虎儿歌。,PERSON : 胖胖虎
能不能放点音乐。,MUSIC : 能不能
被故事选中没资格懵懂这是什么歌
西部情歌,MUSIC : 西部情歌
要听歌曲
让人琵琶
说唱脸谱,MUSIC : 说唱脸谱
请你唱一首歌给我听。
请你嫁给我。,MUSIC : 请你嫁给我
请唱首歌
请给我唱一首西游记的歌。,MUSIC : 西游记
费玉清的一剪梅。,PERSON : 费玉清,MUSIC : 一剪梅
赵传。,PERSON : 赵传
退出酷我音乐。
郑源。,PERSON : 郑源
酷我音乐
酷我音乐播放千千阙歌,MUSIC : 千千阙歌
酷爱。
酷狗播放音乐。
酷狗酷狗。
重新唱一首粤语歌。
陈奕迅的歌。,PERSON : 陈奕迅
陈蓉蓉。,PERSON : 陈蓉蓉
降央卓玛的演唱会最近有吗
难道非要浮夸？
雨再大又该回家被淋湿的鞋要敢再出发被封的步伐被泥土冲刷力量无限的我们被小事打扰,MUSIC : 再出发
雷军唱。,PERSON : 雷军
韩宝仪的歌曲,PERSON : 韩宝仪
韩红天亮了,PERSON : 韩红
音乐怎么没有了。
音乐推荐
音乐曲人篱下。
骄傲
鬼子进村音乐
鬼迷心窍的是什么歌曲。,MUSIC : 鬼迷心窍
一剪梅,MUSIC : 一剪梅
一生无悔。
一路上有你苦一点也愿意,MUSIC : 一路上有你
下载音乐
不想再见。,MUSIC : 不想再见
不想听。
不是啊我们下载。
不要我了。
中华人民共和国国歌。,MUSIC : 中华人民共和国国歌
为啥受伤的总是我
今夜不设防张国荣,PERSON : 张国荣
今生你作伴。
佛教歌曲。
佛教音乐。
你会唱丑八怪吗,MUSIC : 丑八怪
你会唱曹操吗？,PERSON : 曹操
你会唱薛之谦的歌吗,PERSON : 薛之谦
你会播放歌曲吗？
你可以给我唱一首英文歌吗？
你唱一个歌
你在哪里,MUSIC : 你在哪里
你在哪里呀。,MUSIC : 你在哪里
你如果不唱我就换手机,MUSIC : 你如果
你教我唱一闪一闪亮晶晶。,MUSIC : 亮晶晶
你是我的女朋友。,MUSIC : 你是我的女朋友
你给我唱一下嘴巴嘟嘟。
你给我唱首歌儿吧。
你能唱小苹果吗？,MUSIC : 小苹果
你能给我唱一个你是我的小呀小苹果。,MUSIC : 你是我的,MUSIC : 小苹果
你能给我唱一首逆战吗
你说桃花开的歌,MUSIC : 桃花开
倒带。
关于爱情的歌。,MUSIC : 关于爱,MUSIC : 爱情的歌
关掉酷我
关掉音乐
关闭网易云音。
再也回不到从前,MUSIC : 回不到从前
再唱首老歌歌。
凤舞九天。
刘德华唱首歌儿。,PERSON : 刘德华,MUSIC : 刘德华
到远方
又见山里红广场舞
后来播放
听一首周杰伦的歌曲。,PERSON : 周杰伦,MUSIC : 周杰伦
听个音乐吧。
听凉凉。
听几首。
启动虾米音乐。
启动酷狗音乐播放周杰伦的歌。,PERSON : 周杰伦,MUSIC : 周杰伦
周杰伦,PERSON : 周杰伦,MUSIC : 周杰伦
周杰伦,PERSON : 周杰伦,MUSIC : 周杰伦
周杰伦日,PERSON : 周杰伦,MUSIC : 周杰伦
周深
哈哈卖报歌。,MUSIC : 卖报歌
哥哥发的勇士也势不可挡看逆战,MUSIC : 势不可挡
唱一下江南。
唱一首冰雨给我听。
唱一首周杰伦。,PERSON : 周杰伦,MUSIC : 周杰伦
唱一首在那遥远的地方。,MUSIC : 在那遥远的地方
唱一首好听的歌儿。
唱一首我心永恒。,MUSIC : 我心永恒
唱一首歌听的歌
唱一首种太阳。,MUSIC : 种太阳
唱一首老狼的澎湖湾。
唱一首谢娜的歌。,PERSON : 谢娜
唱一首黄珠格格吧环珠格格。,PERSON : 黄珠格格
唱七子之歌,MUSIC : 七子之歌
唱个歌听听。
唱个歌我听
唱千千阙歌,MUSIC : 千千阙歌
唱歌我相信。,MUSIC : 我相信
唱爱我别走。,MUSIC : 爱我别走
唱着情歌流着泪
唱粉红色的回。
唱首周杰伦的简单爱。,PERSON : 周杰伦,MUSIC : 周杰伦,MUSIC : 简单爱
唱首小苹果来听。,MUSIC : 小苹果
唱首忘情水。,MUSIC : 忘情水
唱首林俊杰的歌。,PERSON : 林俊杰
唱首洪湖水。
喜闻乐见,MUSIC : 喜闻乐见
回心转意。,MUSIC : 回心转意
国歌
圆周率钢琴曲。
圆舞曲,MUSIC : 圆舞曲
在此歌。
在网易云阅读播放歌曲。
基督教歌曲注目耶稣。,PERSON : 耶稣
大坏蛋
天亮了吗？
好久不见的乐谱。,MUSIC : 好久不见
妈妈没回来没回来谁来不开。
孙悟空。,PERSON : 孙悟空,MUSIC : 孙悟空
学猫叫吧。
寂寞的双手。
对酒当歌。,MUSIC : 对酒当歌
小娜你唱的歌真好听。,PERSON : 小娜
小娜你好你好小娜给我打开网易云音乐。,PERSON : 小娜,PERSON : 小娜
小娜你的声音好听,PERSON : 小娜,MUSIC : 你的声音
小娜你给我唱一个小苹果,PERSON : 小娜,MUSIC : 小苹果
小娜唱南山南。,PERSON : 小娜,MUSIC : 南山南
小娜唱女人的歌,PERSON : 小娜
小娜唱王菲的歌。,PERSON : 小娜,PERSON : 王菲
小娜唱英文歌。,PERSON : 小娜
小娜帮我订关掉音乐。,PERSON : 小娜
小娜放一首送别。,PERSON : 小娜
小娜给我唱一首歌儿。,PERSON : 小娜
小娜继续播放音乐。,PERSON : 小娜
小情歌王俊凯,PERSON : 王俊凯,MUSIC : 小情歌,MUSIC : 情歌王
小水果
小花仙第三季伊瞳唱的歌。,PERSON : 小花仙
小花猫喵喵喵,MUSIC : 小花猫,MUSIC : 喵喵喵
小蝴蝶,MUSIC : 小蝴蝶
小鸭子。
就是喜欢你,MUSIC : 就是喜欢你
帮我在电脑上打开网易云音乐。
帮我打开本地音乐
帮我打开音乐并播放他说。
帮我把声音开到最大。
帮我播放歌曲。
帮我播放逆流成河这首歌,MUSIC : 逆流成河,MUSIC : 这首歌
帮我放一首薛之谦的歌。,PERSON : 薛之谦
帮我放些音乐。
常来常往
广东话歌曲
开音乐播放器。
张亦菲的歌。,PERSON : 张亦菲
张英席,PERSON : 张英席
彩云之南。,MUSIC : 彩云之南
彭丽媛的歌,PERSON : 彭丽媛
想听歌曲
想听歌曲。
愿赌服输,MUSIC : 愿赌服输
我想听一首生日歌曲。,MUSIC : 生日歌
我想听你唱歌儿
我想听我只在乎你。,MUSIC : 我只在乎你
我想听曹操,PERSON : 曹操
我想听李代沫。,PERSON : 李代沫
我想听流行音乐。
我想听漫步人生路。,MUSIC : 漫步人生路
我想听红楼梦的,MUSIC : 红楼梦
我想听舌尖上小娜求的歌,PERSON : 小娜
我想听青春修炼手册。,MUSIC : 青春修炼手册
我想听音乐小娜。,PERSON : 小娜
我想听首子乖乖
我想要听蓝调音乐。,MUSIC : 我想要
我有一只小毛驴。,MUSIC : 小毛驴
我相信。,MUSIC : 我相信
我要听一人饮酒醉。
我要听我们不一样。,MUSIC : 不一样
我要听音乐。
我要唱小苹果,MUSIC : 小苹果
我要看一下音乐
我要睡觉了放首歌曲。
打开千千音乐播放音乐。
打开我的音乐播放。
打开歌曲。
打开网易云。
打开网易云播放陈奕迅的十年。,PERSON : 陈奕迅
打开网易云放歌。
打开网易云音乐并开始播放。
打开网易云音乐播放山海。
打开网易云音乐播放年轮歌曲。
打开网易云音乐播放米店。
打开酷我音乐播放王铮亮的你按。,PERSON : 王铮亮
打开酷狗音乐播放恋人丑。
打开酷狗音乐播放歌曲然后打开绝地求生。
打开音乐啊。
打开音乐播放等你下课。,MUSIC : 等你下课
打给音乐。
找一首比较轻柔的歌。
换一首五环之歌。,MUSIC : 五环之歌
搜索酷狗。
搜索酷狗下载
播一首歌给我听。
播放一下载歌曲
播放一首刘德华的歌。,PERSON : 刘德华,MUSIC : 刘德华
播放一首欢快的音乐。
播放云烟成雨。,MUSIC : 云烟成雨
播放你不来我不老
播放八音盒的音乐。
播放凉凉原唱版
播放凯蒂佩里的音乐。
播放听
播放周杰,PERSON : 周杰
播放太早
播放奇妙能力歌,MUSIC : 奇妙能力歌
播放好听的歌曲。
播放小镇姑娘,MUSIC : 小镇姑娘
播放幸福拍手歌。,MUSIC : 幸福拍手歌
播放我喜欢单证的歌曲
播放我喜欢的歌曲
播放手机音乐。
播放本地歌曲。
播放歌曲灵魂相认。,MUSIC : 灵魂相认
播放歌曲趁早。
播放歌曲默。
播放每日推荐。
播放江南赛的歌。
播放王蓉爸爸妈妈听我说。,PERSON : 王蓉,MUSIC : 爸爸妈妈听我说
播放白龙马,MUSIC : 白龙马
播放站
播放等你下课,MUSIC : 等你下课
播放纯音乐。
播放走马。
播放过客。
播放音乐列表
播放音乐慢慢喜欢你。,MUSIC : 慢慢喜欢你
播放音乐男孩。,MUSIC : 音乐男
播放音乐谢谢。
播放音乐遇见
播放音梦歌词
放一首体面。
放一首催眠的歌。
放一首千年等一回。
放一首奥特曼的歌。,PERSON : 奥特曼
放一首音乐给我听。
放个音乐听听吧。
放点音乐来给我听。
放音乐放音乐。
放首雷军的成名曲。,PERSON : 雷军
斗鱼上面有什么好听的歌。,MUSIC : 有什么
明说暗到。
春娇与志明。
是歌手。
暴走铃声
曾轶可。,PERSON : 曾轶可
最美的期待,MUSIC : 最美的期待
有人歌
有始无终,MUSIC : 有始无终
李志。,PERSON : 李志
李志的歌。,PERSON : 李志
李玲玉天竺少女,PERSON : 李玲玉,MUSIC : 天竺少女
李白的歌。,PERSON : 李白
来一首薛之谦的新歌。,PERSON : 薛之谦
来首歌曲听一听。
杰伦。,PERSON : 杰伦
极短情长歌曲
梁文灏。,PERSON : 梁文灏
梁祝,PERSON : 梁祝
梅兰芳的歌。,PERSON : 梅兰芳
欢聚一堂。
歌曲下载
歌曲大全歌
歌曲妈妈格桑拉,MUSIC : 格桑拉
歌曲我们不一样,MUSIC : 不一样
歌曲柳树姑娘
歌曲美酒加咖啡,MUSIC : 美酒加咖啡
歌曲那一夜
正大光明。
毛不易。
江波
没听过
没理由歌,MUSIC : 没理由
浩瀚,PERSON : 浩瀚
点首你的样子。,MUSIC : 你的样子
爱在西元前。,MUSIC : 爱在西元前
爱奇艺李健演唱的春秋麦浪,PERSON : 李健
王二妮的歌曲。,PERSON : 王二妮
生生不息。,MUSIC : 生生不息
用酷狗音乐播放反唱歌。
田震。,PERSON : 田震
电影金鸡三插曲
盛开
看最新歌曲。
福娃播放一首歌曲。
秦腔商峰会选段,PERSON : 秦腔商峰
给我听听周杰伦的歌。,PERSON : 周杰伦,MUSIC : 周杰伦
给我唱一首北京欢迎你。,MUSIC : 北京欢迎你
给我唱一首樱花草。,MUSIC : 樱花草
给我打开网易云放首歌。
给我放一首好听的音乐。
给我放一首歌曲吧。
给我放一首音乐。
给我放一首黄家驹的真的爱你。,PERSON : 黄家驹,MUSIC : 真的爱你
给林俊杰的歌。,PERSON : 林俊杰
老婆音乐。
老婆音乐脑波。
而舍难分
肆无忌惮。
能给我唱一首刘德华的冰雨吗？,PERSON : 刘德华,MUSIC : 刘德华
能给我放首歌吗？
蔡琴的音乐渡口。,PERSON : 蔡琴
西游记歌曲。,MUSIC : 西游记
请你学猫叫。
请你播放洪湖水
请唱歌曲。
那个人,MUSIC : 那个人
酷我音乐。
随机播放网易云音乐
隐形的翅膀,MUSIC : 隐形的翅膀
雷多音乐。
青春修炼手册,MUSIC : 青春修炼手册
青春美少女
音乐考试。
鬼子进村音乐
鹿晗,PERSON : 鹿晗
龙蛇狂舞。
3寸天堂。
下载手机用的酷狗软件儿
下载酷狗音乐
下雨应该听什么歌。
不会唱歌你唱首歌给我听。
不完美小孩,MUSIC : 不完美小孩
九九艳阳天吕方广场舞,MUSIC : 九九艳阳天
云菲菲殇雪。,PERSON : 云菲菲
亡命之徒,MUSIC : 亡命之徒
今天的歌曲。
佛系少女。,MUSIC : 佛系少女
你会唱大城小爱吗？,MUSIC : 大城小爱
你会学猫叫吗？
你到底爱谁,MUSIC : 你到底爱谁
你的容颜微信说歌曲
你知道小爱情神马。,MUSIC : 小爱情
你给我唱一下嘴巴嘟嘟。
你给我唱一首小苹果,MUSIC : 小苹果
你给我唱首黑色星期天。,MUSIC : 黑色星期天
你能不能给我唱一首我爱的人这首歌曲。,MUSIC : 能不能,MUSIC : 我爱的人,MUSIC : 这首歌
你还爱我吗,MUSIC : 你还爱我吗
再唱一遍可以吗
再唱首歌。
再给我唱最后一个
刀山火海,MUSIC : 刀山火海
前方500米打开网易云音乐。
去音乐。
另类唱腔
可以播放音乐吗？
吉祥如意。
同桌的你,MUSIC : 同桌的你
向前跑。
启动周杰伦的歌。,PERSON : 周杰伦,MUSIC : 周杰伦
吴亦凡,PERSON : 吴亦凡
告白气球,MUSIC : 告白气球
哈哈歌。
哎哟唱的不错哦。
哎哟嘿呀你给我唱一首歌。
唱一零。
唱一首刘瑞琦的房间。,PERSON : 刘瑞琦
唱一首后来。
唱一首暖暖。
唱一首牛仔很忙。,MUSIC : 牛仔很忙
唱一首缺氧
唱一首英文歌给我听。
唱个歌剧本。
唱刘若英的歌后来。,PERSON : 刘若英
唱周华健的歌。,PERSON : 周华健
唱周杰伦的歌好不好？,PERSON : 周杰伦,MUSIC : 周杰伦,MUSIC : 好不好
唱好听的歌。
唱山歌,MUSIC : 唱山歌
唱张学友的歌。,PERSON : 张学友
唱得真不错
唱戏。
唱戏曲。
唱我一人饮酒醉。
唱插插插。
唱摇篮曲,MUSIC : 摇篮曲
唱歌你
唱歌儿听你唱歌。
唱歌流行歌。,MUSIC : 流行歌
唱江南皮革厂倒闭了。
唱的真好听。
唱谁的歌
唱邓紫棋的歌。,PERSON : 邓紫棋
唱首2799。
唱首印度歌。
唱首客家山歌。
唱首稻香。,MUSIC : 稻香
唱首童歌吧。
唱首网络歌。
喊麦。
回家吧。
国际歌,MUSIC : 国际歌
圆梦一代歌
基督教歌曲感恩一切歌词。
夜幕
天上的星星流泪地上的玫瑰枯萎虫儿飞冷风吹你在,MUSIC : 虫儿飞
天亮了
学猫叫的歌你听不懂吗？,MUSIC : 听不懂
寂寞的双手。
寂静之声。
小可爱。,MUSIC : 小可爱
小娜你唱个歌。,PERSON : 小娜
小娜你给我唱一首歌我听一下。,PERSON : 小娜
小娜同学唱首歌。,PERSON : 小娜
小娜唱一首小毛驴。,PERSON : 小娜,MUSIC : 小毛驴
小娜唱国歌。,PERSON : 小娜
小娜小娜我想听一首歌。,PERSON : 小娜,PERSON : 小娜
小娜我想听周杰伦唱歌。,PERSON : 小娜,PERSON : 周杰伦,MUSIC : 周杰伦
小娜我想听小苹果,PERSON : 小娜,MUSIC : 小苹果
小娜打开酷狗。,PERSON : 小娜
小娜打开音乐播放器。,PERSON : 小娜
小娜给我唱一首歌曲拥抱着你的离去。,PERSON : 小娜,MUSIC : 抱着你
小娜请打开酷我音乐,PERSON : 小娜
小柯,PERSON : 小柯
小精灵,MUSIC : 小精灵
小苹果歌。,MUSIC : 小苹果
小鸡播放。
尤小刚葫芦娃。
帮我听听这什么歌。
帮我播放一首歌叫宝贝宝贝,MUSIC : 宝贝宝贝
帮我播放成龙的醉拳。
帮我放一首音乐。
开始放音乐
张北可好。,PERSON : 张北
张国荣原创歌曲,PERSON : 张国荣
张杰逆战,PERSON : 张杰
张艺兴。,PERSON : 张艺兴
张英席,PERSON : 张英席
心口不一。
情歌
想听你唱朴树的平凡之路。,MUSIC : 平凡之路
成龙的歌。,PERSON : 成龙
我不知会遇见你那年1987是什么歌。,MUSIC : 遇见你
我不累
我们一起学猫叫歌曲
我女孩的歌
我就想听唱歌。
我想听5月天的知足。
我想听你唱一首歌听的
我想听你唱单车。
我想听你唱最炫民族风。,MUSIC : 最炫民族风
我想听千年等一回。
我想听古典乐。
我想听我只在乎你。,MUSIC : 我只在乎你
我想听我的天空。,MUSIC : 我的天空
我想听李代沫。,PERSON : 李代沫
我想听薛之谦的音乐。,PERSON : 薛之谦
我想要听歌儿。,MUSIC : 我想要
我想静静。
我要听周杰伦的发如雪。,PERSON : 周杰伦,MUSIC : 周杰伦,MUSIC : 发如雪
我要听周杰伦的歌。,PERSON : 周杰伦,MUSIC : 周杰伦
我要听失忆蝴蝶。,MUSIC : 失忆蝴蝶
我要听巴赫的托卡塔与赋格。,PERSON : 巴赫
我要听星月神话。,MUSIC : 星月神话
我要听歌给我唱歌。
我要听流行歌曲。,MUSIC : 流行歌曲
我要听网易云。
我要听虫儿飞。,MUSIC : 虫儿飞
我要听追光者,MUSIC : 追光者
我要听首歌。
我问你会吹口哨吗？
打开咪咕音乐播放歌曲。
打开我手机上的音乐。
打开打开酷狗音乐
打开搜狗音乐。
打开痘印短视频。
打开的音。
打开网易云音乐并播放尽头。
打开网易云音乐播放月亮之上。,MUSIC : 月亮之上
打开网易云音乐播放起风了。,MUSIC : 起风了
打开网易云音乐播放陈奕迅的去。,PERSON : 陈奕迅
打开网易云音乐播放陈奕迅的歌。,PERSON : 陈奕迅
打开网易云音乐放。
打开网易云音乐给我听首歌。
打开网易音乐播放本地歌曲。
打开网易音乐播放本地歌曲。
打开网易音乐播放歌曲
打开酷我
打开酷我。
打开酷我音乐播放凉凉。
打开酷我音乐盒搜索一休哥。
打开酷打开网易音乐。
打开酷狗放音乐。
打开音乐哔哔。
打开音乐播放歌曲。
找个朋友
把歌关了
把歌关了
搜索高山流水。,MUSIC : 高山流水
播放1987我不知会遇见你。,MUSIC : 遇见你
播放上一曲目
播放个音乐吧。
播放为你我受冷风吹。,MUSIC : 为你我受冷风吹
播放做你的新娘,MUSIC : 做你的新娘
播放克罗地亚狂想曲。,MUSIC : 狂想曲
播放刘更新的音乐黄色,PERSON : 刘更新
播放初学者。,MUSIC : 初学者
播放十年。
播放天后他手机上不了。
播放好日子,MUSIC : 好日子
播放小丑。
播放小兔子乖乖。,MUSIC : 小兔子乖乖
播放忐忑
播放忘情水。,MUSIC : 忘情水
播放忧伤还是快乐。
播放我就是海盗
播放手机网易云音乐。
播放月亮之上。,MUSIC : 月亮之上
播放李健的在水一方。,PERSON : 李健,MUSIC : 在水一方
播放歌曲吻别。
播放歌曲李白,PERSON : 李白
播放歌曲演员。
播放歌曲空空如也,MUSIC : 空空如也
播放歌曲让人琵琶。
播放班得瑞的轻音乐。
播放白色风车。,MUSIC : 白色风车
播放网易云。
播放蓝莲花,MUSIC : 蓝莲花
播放薛之谦的丑八怪。,PERSON : 薛之谦,MUSIC : 丑八怪
播放薛之谦的演员,PERSON : 薛之谦
播放音乐当你。
播放音乐播放音乐。
播放黄玫瑰。,MUSIC : 黄玫瑰
收藏歌曲
放个歌儿听。
放歌曲我们不一样。,MUSIC : 不一样
放首歌曲吧。
放首邓丽君的歌听。,PERSON : 邓丽君
敲敲门你在不在
旗开得胜,MUSIC : 旗开得胜
无可救药。,MUSIC : 无可救药
时间都去哪了
明天会更好,MUSIC : 明天会更好
曾经爱过多少人。,MUSIC : 曾经爱过,MUSIC : 多少人
最好的舞台,MUSIC : 最好的舞台
最美的太阳。,MUSIC : 最美的太阳
有什么好听的音乐。,MUSIC : 有什么
有催眠曲吗？
朱洁,PERSON : 朱洁
来一段音乐。
来首雨一直下。,MUSIC : 雨一直下
杨帆,PERSON : 杨帆
杨过海来看,PERSON : 杨过海
林俊杰的歌。,PERSON : 林俊杰
查找路冰花
欢喜就好。,MUSIC : 欢喜就好
歌曲再泊枫桥
歌曲小草
歌曲歌曲歌曲。
歌曲离人愁,MUSIC : 离人愁
歌曲等你等了那么久。,MUSIC : 等你等了那么久
正宗的小小一粒沙。
深夜鱼塘,MUSIC : 深夜鱼塘
点一首歌许嵩的发如雪。,PERSON : 许嵩,MUSIC : 发如雪
爱你。
爱在西元前。,MUSIC : 爱在西元前
爱妃爱妃。
爱心大无限
王俊凯所有歌曲,PERSON : 王俊凯
王嘉仪,PERSON : 王嘉仪
王婆骂鸡,PERSON : 王婆
王杰,PERSON : 王杰
用网易云帮我播放起风了。,MUSIC : 起风了
用网易云播放音乐。
用网易云播放音乐。
电影首歌我们不一样。,MUSIC : 不一样
祥龙十八掌。
终于明白,MUSIC : 终于明白
给宝宝唱首歌
给我唱一首好听的歌吧。
给我唱一首李宇春的歌。,PERSON : 李宇春
给我唱一首韩红的月亮。,PERSON : 韩红
给我唱首歌杨幂的歌吧。,PERSON : 杨幂
给我唱首韩红的歌。,PERSON : 韩红
给我打开网易云音乐播放一首。
给我播一首钢琴曲。
给我放一首轻音乐。
给我放一首音乐。
给我放首歌好吗？,MUSIC : 好吗？
给我来首音乐。
网易云音乐我们的爱。,MUSIC : 我们的爱
罗曼蒂克的爱情。,PERSON : 罗曼蒂克,MUSIC : 罗曼蒂克
耳熟能详的流行音乐歌手成名曲。
自由自在。,MUSIC : 自由自在
英语歌
萤火虫歌曲,MUSIC : 萤火虫
落叶堆积了好几层
葫芦丝独奏美丽的草原我的家,MUSIC : 美丽的草原我的家
薛之谦的。,PERSON : 薛之谦
融合爵士乐师学习粤语什么的杰。
西海情歌,MUSIC : 西海情歌
詹伯与祝英台钢琴乐谱,PERSON : 詹伯,MUSIC : 祝英台
让你学猫叫。
让电脑音乐暂停。
请播放一段乐曲。
败将。
超能陆战队
身不由己。,MUSIC : 身不由己
郑恺,PERSON : 郑恺
酷我音乐。
酷狗音乐。
金志文。,PERSON : 金志文
铃儿响叮当
陈鸿宇。,PERSON : 陈鸿宇
随便唱一首歌
随便放一首歌吧。
音乐刀郎
音乐南国
音乐小鸭子。
音乐播放
音乐播放
风雨无阻,MUSIC : 风雨无阻
马上有钱。
黄晓明,PERSON : 黄晓明
一棵开花的树。
一站到底
一首中文歌。
一首流行歌曲。,MUSIC : 流行歌曲
万马奔腾
不想说话。
不要说。,MUSIC : 不要说
今年打开酷我音乐并把我的天空,MUSIC : 我的天空
何静在哪里。,PERSON : 何静
你会唱广东爱情故事吗？,MUSIC : 广东爱情故事
你再这样不。
你可以播放音乐吗？
你唱一下葫芦娃
你唱一首拥抱你离去。,MUSIC : 拥抱你离去
你唱摇篮曲。,MUSIC : 摇篮曲
你没有周杰伦的音乐,PERSON : 周杰伦,MUSIC : 周杰伦
你给我唱小苹果唱的歌吧。,MUSIC : 小苹果
你给我唱首歌儿。
你能为我唱首歌吗
使用酷我音乐播放极乐净土。,MUSIC : 极乐净土
儿童歌
光头强的歌。
光良一些。
刘仲濠。,PERSON : 刘仲濠
北京音乐会。
卡农。
可以唱歌给我听吗？
后来播放
后来那个。
听歌听歌
听歌曲一晃就老了。
启动酷狗音乐。
吴若希是丑八怪。,PERSON : 吴若希,MUSIC : 丑八怪
呃猫叫。
咖喱咖喱,MUSIC : 咖喱咖喱
唱一首周杰伦的歌给我听,PERSON : 周杰伦,MUSIC : 周杰伦
唱一首山路十八弯的歌。,MUSIC : 山路十八弯
唱一首恭喜发财。,MUSIC : 恭喜发财
唱一首挪威的森林。,MUSIC : 挪威的森林
唱一首春天里。,MUSIC : 春天里
唱一首有助于睡眠的歌。
唱一首歌儿吧。
唱一首歌儿呗歌。
唱一首歌给我听听
唱一首远走高飞。,MUSIC : 远走高飞
唱个歌吧
唱个歌我听
唱个签签约。
唱夜空中最亮的星。,MUSIC : 夜空中最亮的星
唱小鸡哔哔。,MUSIC : 小鸡哔哔
唱张晓龙的歌。,PERSON : 张晓龙
唱月亮之上,MUSIC : 月亮之上
唱林志颖的歌。,PERSON : 林志颖
唱知心爱人。,MUSIC : 知心爱人
唱腾格尔的歌。,PERSON : 腾格尔
唱诗人上赤西仁。
唱首儿歌吗？
唱首千里之外。,MUSIC : 千里之外
唱首如果有来生。,MUSIC : 如果有来生
唱首张信哲的歌。,PERSON : 张信哲
唱首张国荣的歌,PERSON : 张国荣
唱首雷军的歌。,PERSON : 雷军
喜羊羊与灰太狼之
嗨打开音乐
在网易云放首歌听。
大梦想家的歌,MUSIC : 大梦想家
天亮了
奔波风雨中
好听的歌。
好听的歌儿
好听的英文歌。
妈妈宝贝。,MUSIC : 妈妈宝贝
嫁给我。,MUSIC : 嫁给我
孙悦的歌吗,PERSON : 孙悦
安装酷狗
小娜你唱首歌儿,PERSON : 小娜
小娜唱一首周杰伦的歌,PERSON : 小娜,PERSON : 周杰伦,MUSIC : 周杰伦
小娜唱爱情告诉我。,PERSON : 小娜,MUSIC : 爱情告诉我
小娜唱首催眠曲。,PERSON : 小娜
小娜唱首周华健的歌。,PERSON : 小娜,PERSON : 周华健
小娜打开酷我音乐。,PERSON : 小娜
小娜播放歌曲我的小宝贝。,PERSON : 小娜,MUSIC : 我的小宝贝
小娜播放网易云音乐。,PERSON : 小娜
小娜播放英雄歌曲。,PERSON : 小娜
小娜给我从酷狗里面放首音乐。,PERSON : 小娜
小娜给我放首歌儿。,PERSON : 小娜
小娜请给我唱首歌,PERSON : 小娜
小情歌王俊凯,PERSON : 王俊凯,MUSIC : 小情歌,MUSIC : 情歌王
小苹果你。,MUSIC : 小苹果
帮我打开一下手机上的酷狗音乐。
帮我打开电脑上的网易云音乐。
帮我打开网易云音乐并放歌。
帮我打开网易云音乐播放庐州月。,MUSIC : 庐州月
帮我打开网易云音乐播放本地音乐。
帮我放一些音乐。
张也的春天的故事,PERSON : 张也,MUSIC : 春天的故事
彭丽媛的歌,PERSON : 彭丽媛
徐鲤拐弯。,PERSON : 徐鲤
微微一笑很倾城的歌曲,MUSIC : 微微一笑很倾城
德龙雨的歌曲何龙雨的歌曲。,PERSON : 何龙雨
想听歌曲。
成熟男人的音乐
成都赵雷。,PERSON : 赵雷
我们在一起,MUSIC : 我们在一起
我想一个人,MUSIC : 一个人
我想你的。,MUSIC : 我想你
我想听一生有你。,MUSIC : 一生有你
我想听主人我要下载迷你世界的游戏
我想听刚好遇见你。,MUSIC : 刚好遇见你
我想听周杰伦的一路向北。,PERSON : 周杰伦,MUSIC : 周杰伦,MUSIC : 一路向北
我想听天使之城。
我想听小兔子乖乖我想听小兔子乖乖。,MUSIC : 小兔子乖乖,MUSIC : 小兔子乖乖
我想听小情歌。,MUSIC : 小情歌
我想听摇篮曲。,MUSIC : 摇篮曲
我想听海誓山盟,MUSIC : 海誓山盟
我想听热歌。
我想听纸短情长。,MUSIC : 纸短情长
我现在想听音乐。
我的世界版极乐净土,MUSIC : 我的世界,MUSIC : 极乐净土
我的将军啊。
我的将军啊。
我的爸爸。,MUSIC : 我的爸爸
我要听你的名字里面的主题曲。,MUSIC : 你的名字
我要听听歌儿
我要听小虎队的爱
我要听网易云音乐的歌。
我要听迈克尔杰克逊,PERSON : 迈克尔杰克逊
我要听音乐我要听那个古老的。
打开我的虾米音乐。
打开电脑网易音乐。
打开网易云云音乐播放器
打开网易云播放我喜爱的歌曲。,MUSIC : 爱的歌
打开网易云放我可以忘记你。,MUSIC : 我可以忘记你
打开网易云音乐小娜打开网易云音乐。,PERSON : 小娜
打开网易云音乐播放演员。
打开网易云音乐给我放首歌。
打开网易音乐云。
打开网易音乐放一首在没有。
打开酷我放歌。
打开酷我音乐听过了。
打开酷狗播放我的将军。
打开酷狗音乐
打开酷狗音乐。
打开酷狗音乐我要听平凡之路。,MUSIC : 平凡之路
打开酷狗音乐然后播放动画片。,MUSIC : 动画片
打开音乐播放只对你说,MUSIC : 对你说
打开音乐播放给你们。
打开音乐放一首刘德华的歌。,PERSON : 刘德华,MUSIC : 刘德华
打开音乐放首歌。
打开音乐狂。
拉赫玛尼诺夫音乐瞬间钢琴谱。
搜索风吹麦浪。,MUSIC : 风吹麦浪
摇滚歌曲。
播放一首小城故事。,MUSIC : 小城故事
播放一首我也是怎么的。
播放下一曲目
播放丫头花轿
播放发展。
播放周杰伦歌曲稻香。,PERSON : 周杰伦,MUSIC : 周杰伦,MUSIC : 稻香
播放在线音乐。
播放在线音乐。
播放学宝宝的音乐
播放小娜。,PERSON : 小娜
播放带你去旅行。,MUSIC : 带你去旅行
播放我爱听的歌曲。
播放我的音乐。
播放新歌。
播放最近最新的歌曲。
播放李宇春,PERSON : 李宇春
播放歌曲九千两百七十七。
播放烟火里的尘埃。,MUSIC : 烟火里的尘埃
播放爱我
播放直断情长
播放稻香,MUSIC : 稻香
播放童话。
播放萧敬腾。,PERSON : 萧敬腾
播放酷我音乐里面的
播放音乐听歌的女儿。
播放音乐慢慢喜欢你。,MUSIC : 慢慢喜欢你
播放音乐执着。
播放飞的儿。
放一首建议。
放一首张蔷的歌给我听。,PERSON : 张蔷
放一首歌吧。
放一首歌庆祝一下。
放一首薛之谦的为了遇见。,PERSON : 薛之谦
放一首费玉清的歌。
放个张灯结彩听听。
放点音乐来听听。
时光许巍的歌词,PERSON : 许巍
时间煮雨。,MUSIC : 时间煮雨
明天会更好。,MUSIC : 明天会更好
春晓
是王俊凯,PERSON : 王俊凯
曾少年强
有些人走着走着叫
朋友
来一首小情歌。,MUSIC : 小情歌
来一首悲伤的歌。,MUSIC : 悲伤的歌
来一首歌曲吧。
来一首歌曲听听。
来一首爱情买卖。,MUSIC : 爱情买卖
来段音乐。
来点音乐。
来点音乐。
来首让我。
林俊杰,PERSON : 林俊杰
林俊杰醉赤壁科目音乐,PERSON : 林俊杰,MUSIC : 醉赤壁
梅艳芳歌曲集,PERSON : 梅艳芳
歌曲
歌曲世间始终你最好。,MUSIC : 你最好
歌曲大全歌
歌曲获取成功歌曲获取失败
歌曲走过咖啡屋,MUSIC : 走过咖啡屋
没事没事唱吧。
法国歌。
海浪。
海草舞。,MUSIC : 海草舞
海藻歌
清音雅韵。
温柔乡。,MUSIC : 温柔乡
漂洋过海来看你。,MUSIC : 漂洋过海来看你
火火的中国
爱奇艺孙禄演唱的离别的车站,PERSON : 孙禄,MUSIC : 离别的车站
爱如潮水。,MUSIC : 爱如潮水
爸爸爸爸
爸爸的。
猪之歌。,MUSIC : 猪之歌
猪八戒之歌,MUSIC : 猪八戒之歌
猪八戒背媳妇的歌。,MUSIC : 猪八戒背媳妇
王嘉尔。,PERSON : 王嘉尔
珍珠那首歌怎么唱。
用网易云音乐播放稻香。,MUSIC : 稻香
用网易音乐播放歌曲。
用酷狗播放李白。,PERSON : 李白
用酷狗音乐播放音乐。
白色桔梗花。,MUSIC : 桔梗花
看看我要听小苹果。,MUSIC : 小苹果
着火啦。
社会摇。,MUSIC : 社会摇
秦腔,PERSON : 秦腔
答案这首歌。,MUSIC : 这首歌
纸啊还庞
经典歌曲。
经典流行的歌今年流行九成。
给我听白龙马的音乐。,PERSON : 白龙马,MUSIC : 白龙马
给我唱一首字段情长。
给我唱个卓玛。
给我唱晴天。
给我唱首葫芦娃。
给我接着唱卖报歌,MUSIC : 卖报歌
给我播放一首好听的歌曲。
给我放首歌听呗。
给我来首歌。
给我背长恨歌。,MUSIC : 长恨歌
网易云播放走马。
网易云音乐播放十万嬉皮,MUSIC : 十万嬉皮
网易音乐。
胡文婧,PERSON : 胡文婧
臭唱稻香。,MUSIC : 稻香
舞曲还有多远。
花开。
若英
蓝精灵的歌。,MUSIC : 蓝精灵
视而不见。,MUSIC : 视而不见
认识你。
请你唱一首歌。
请唱电音唱首歌
请播放歌曲。
起风了起风了,MUSIC : 起风了,MUSIC : 起风了
跟着我们漂亮。,MUSIC : 跟着我
这首歌,MUSIC : 这首歌
邓紫棋的歌。,PERSON : 邓紫棋
邓超,PERSON : 邓超
那是爱情,MUSIC : 那是爱情
钓鱼的歌。
锦瑟琪,PERSON : 锦瑟琪
阎维文的歌曲,PERSON : 阎维文
阿里音乐网
